[
  {
    "name":"天津灌汤包(梅兴路店)",
    "scope_sell":"5月售9",
    "delivery":"起送¥10远距离配送¥6",
    "time_distance":"30分钟4.92km",
    "img":"https://cube.elemecdn.com/2/0e/277ff5e4300580f729fb37a5ce05cjpeg.jpeg?x-oss-process=image/resize,m_lfit,w_240,h_240/quality,q_90/format,webp"
  },
  {
    "name":"正宗蕉岭三及第",
    "scope_sell":"5月售12",
    "delivery":"起送¥10远距离配送¥3",
    "time_distance":"30分钟4.51km",
    "img":"https://cube.elemecdn.com/d/da/9cd10933d13b478105d2e81ba28f1jpeg.jpeg?x-oss-process=image/resize,m_lfit,w_240,h_240/quality,q_90/format,webp"
  },
  {
    "name":"老强明回味餐馆",
    "scope_sell":"4.8月售4258",
    "delivery":"起送¥10免配送费",
    "time_distance":"30分钟431m",
    "img":"https://cube.elemecdn.com/b/cc/ac6c106cb0df8e345a45dc3fd3279jpeg.jpeg?x-oss-process=image/resize,m_lfit,w_240,h_240/quality,q_90/format,webp"
  },
  {
    "name":"张吉记小碗菜嘉大店",
    "scope_sell":"4.6月售489",
    "delivery":"起送¥15免配送费",
    "time_distance":"30分钟291m",
    "img":"https://cube.elemecdn.com/f/79/df1dfe85e49c388ac51e67cca00fbjpeg.jpeg?x-oss-process=image/resize,m_lfit,w_240,h_240/quality,q_90/format,webp"
  },
  {
    "name":"窑鸡王(梅江店)",
    "scope_sell":"4.9月售194",
    "delivery":"起送¥0配送¥10",
    "time_distance":"39分钟4.62km",
    "img":"https://cube.elemecdn.com/c/e8/f438e23f54a4d80a6d49b12e33f19png.png?x-oss-process=image/resize,m_lfit,w_240,h_240/quality,q_90/format,webp"
  },
  {
    "name":"君记腌粉面",
    "scope_sell":"4月售8",
    "delivery":"起送¥10远距离配送¥5",
    "time_distance":"30分钟3.48km",
    "img":"https://cube.elemecdn.com/4/ca/5f5a8b9239e96644583338bc79b2fjpeg.jpeg?x-oss-process=image/resize,m_lfit,w_240,h_240/quality,q_90/format,webp"
  },
  {
    "name":"为华隆江猪脚饭",
    "scope_sell":"4.1月售1200",
    "delivery":"起送¥10免配送费",
    "time_distance":"30分钟403m",
    "img":"https://cube.elemecdn.com/d/34/31fd9fe95e6e5c7a93e93a4b5bcf9jpeg.jpeg?x-oss-process=image/resize,m_lfit,w_240,h_240/quality,q_90/format,webp"
  },
  {
    "name":"动力杯（汉堡蜜汁鸡）",
    "scope_sell":"5月售1970",
    "delivery":"起送¥11免配送费",
    "time_distance":"30分钟128m",
    "img":"https://cube.elemecdn.com/f/3e/b5968cf816771fa407efda6c1d8d7png.png?x-oss-process=image/resize,m_lfit,w_240,h_240/quality,q_90/format,webp"
  },
  {
    "name":"定点饭店新鲜现炒快餐",
    "scope_sell":"4.7月售3353",
    "delivery":"起送¥10配送¥0.5",
    "time_distance":"30分钟1.10km",
    "img":"https://cube.elemecdn.com/a/24/5016d9361fefabaaccf232ddb7911jpeg.jpeg?x-oss-process=image/resize,m_lfit,w_240,h_240/quality,q_90/format,webp"
  },
  {
    "name":"寗缘美食小铺(麻辣烫丶糖水店)",
    "scope_sell":"4.6月售88",
    "delivery":"起送¥15免配送费",
    "time_distance":"30分钟1.11km",
    "img":"https://cube.elemecdn.com/c/ed/c27a109351cfce4138dfcae17dcbaJPEG.JPEG?x-oss-process=image/resize,m_lfit,w_240,h_240/quality,q_90/format,webp"
  },
  {
    "name":"华莱士全鸡汉堡(五洲城店)",
    "scope_sell":"4.7月售499",
    "delivery":"起送¥15免配送费",
    "time_distance":"30分钟2.81km",
    "img":"https://cube.elemecdn.com/3/77/935a47fccaf5a4dd436007baf5206jpeg.jpeg?x-oss-process=image/resize,m_lfit,w_240,h_240/quality,q_90/format,webp"
  },
  {
    "name":"白羽正新(鸡排奶茶小吃店)",
    "scope_sell":"4.8月售262",
    "delivery":"起送¥10配送¥0.7",
    "time_distance":"30分钟250m",
    "img":"https://cube.elemecdn.com/4/1a/55da7565b4a71937569c19778aeebpng.png?x-oss-process=image/resize,m_lfit,w_240,h_240/quality,q_90/format,webp"
  },
  {
    "name":"山记煲仔饭",
    "scope_sell":"4.7月售557",
    "delivery":"起送¥12免配送费",
    "time_distance":"33分钟1.27km",
    "img":"https://cube.elemecdn.com/7/11/8eeebe613b4b972fbe8f0ce4d28a7png.png?x-oss-process=image/resize,m_lfit,w_240,h_240/quality,q_90/format,webp"
  },
  {
    "name":"菠萝蜜奶茶手抓饼",
    "scope_sell":"5月售1534",
    "delivery":"起送¥9免配送费",
    "time_distance":"30分钟586m",
    "img":"https://cube.elemecdn.com/b/2b/9dbf60299ec660ff67bc8bf44cfecjpeg.jpeg?x-oss-process=image/resize,m_lfit,w_240,h_240/quality,q_90/format,webp"
  },
  {
    "name":"麦当劳麦乐送（梅州店）",
    "scope_sell":"4.8月售618",
    "delivery":"起送¥0配送¥9",
    "time_distance":"28分钟4.30km",
    "img":"https://cube.elemecdn.com/f/7b/ae9401ffb0acade58176e723ccb15png.png?x-oss-process=image/resize,m_lfit,w_240,h_240/quality,q_90/format,webp"
  },
  {
    "name":"正轩五谷鱼粉",
    "scope_sell":"4.7月售521",
    "delivery":"起送¥10免配送费",
    "time_distance":"31分钟1.02km",
    "img":"https://cube.elemecdn.com/8/98/a7dc8ade624d367b573f73ea6d33ejpeg.jpeg?x-oss-process=image/resize,m_lfit,w_240,h_240/quality,q_90/format,webp"
  },
  {
    "name":"神粥壹号(江北店)",
    "scope_sell":"4.6月售367",
    "delivery":"起送¥10配送¥1",
    "time_distance":"30分钟2.67km",
    "img":"https://cube.elemecdn.com/5/79/b4e03fd73413cefc4f1b4be7c7fc4jpeg.jpeg?x-oss-process=image/resize,m_lfit,w_240,h_240/quality,q_90/format,webp"
  },
  {
    "name":"广味烧腊(赤岌二路店)",
    "scope_sell":"4.7月售910",
    "delivery":"起送¥15免配送费",
    "time_distance":"30分钟2.05km",
    "img":"https://cube.elemecdn.com/5/77/0ff78b53d7b0d257fead6e71433f1png.png?x-oss-process=image/resize,m_lfit,w_240,h_240/quality,q_90/format,webp"
  },
  {
    "name":"元气工坊",
    "scope_sell":"4.7月售129",
    "delivery":"起送¥18免配送费",
    "time_distance":"50分钟935m",
    "img":"https://cube.elemecdn.com/2/57/7453d89ecc37dd2ad5bb28e5b0402jpeg.jpeg?x-oss-process=image/resize,m_lfit,w_240,h_240/quality,q_90/format,webp"
  },
  {
    "name":"李鹏潮汕美食",
    "scope_sell":"4.4月售411",
    "delivery":"起送¥10免配送费",
    "time_distance":"40分钟248m",
    "img":"https://cube.elemecdn.com/7/6e/0ed1a3a3d546bf21e771a9d966873png.png?x-oss-process=image/resize,m_lfit,w_240,h_240/quality,q_90/format,webp"
  },
  {
    "name":"港式铁板炒饭(梅江店)",
    "scope_sell":"5月售14",
    "delivery":"起送¥10配送¥4",
    "time_distance":"30分钟2.92km",
    "img":"https://cube.elemecdn.com/f/dc/deffda0a86210b6f091bd80f6088aJPEG.JPEG?x-oss-process=image/resize,m_lfit,w_240,h_240/quality,q_90/format,webp"
  },
  {
    "name":"香福来砂锅麻辣烫",
    "scope_sell":"4.7月售727",
    "delivery":"起送¥15免配送费",
    "time_distance":"30分钟2.61km",
    "img":"https://cube.elemecdn.com/c/a0/ef3fbc1be292e1fe41fa100c54817jpeg.jpeg?x-oss-process=image/resize,m_lfit,w_240,h_240/quality,q_90/format,webp"
  },
  {
    "name":"叶记腊味饭",
    "scope_sell":"4.8月售727",
    "delivery":"起送¥15远距离配送¥1",
    "time_distance":"30分钟3.64km",
    "img":"https://cube.elemecdn.com/F/A2/B3739E51B4497899FA50D21FD93E0jpeg.jpeg?x-oss-process=image/resize,m_lfit,w_240,h_240/quality,q_90/format,webp"
  },
  {
    "name":"李英爱韩式炸鸡鸡排",
    "scope_sell":"无评分月售969",
    "delivery":"起送¥11免配送费",
    "time_distance":"40分钟986m",
    "img":"https://cube.elemecdn.com/3/4b/a12fee7c8c6c587a754d495e0e128jpeg.jpeg?x-oss-process=image/resize,m_lfit,w_240,h_240/quality,q_90/format,webp"
  },
  {
    "name":"腹愁者外卖(嘉大店)",
    "scope_sell":"4.2月售465",
    "delivery":"起送¥10免配送费",
    "time_distance":"45分钟1.21km",
    "img":"data:image/gif;base64,iVBORw0KGgoAAAANSUhEUgAAAAEAAAABCAYAAAAfFcSJAAAADUlEQVQImWNgYGBgAAAABQABh6FO1AAAAABJRU5ErkJggg=="
  },
  {
    "name":"小时茶(嘉大店)",
    "scope_sell":"5月售39",
    "delivery":"起送¥10配送¥2",
    "time_distance":"50分钟186m",
    "img":"data:image/gif;base64,iVBORw0KGgoAAAANSUhEUgAAAAEAAAABCAYAAAAfFcSJAAAADUlEQVQImWNgYGBgAAAABQABh6FO1AAAAABJRU5ErkJggg=="
  },
  {
    "name":"福建名饺（嘉大南门店）",
    "scope_sell":"5月售670",
    "delivery":"起送¥12免配送费",
    "time_distance":"38分钟445m",
    "img":"data:image/gif;base64,iVBORw0KGgoAAAANSUhEUgAAAAEAAAABCAYAAAAfFcSJAAAADUlEQVQImWNgYGBgAAAABQABh6FO1AAAAABJRU5ErkJggg=="
  },
  {
    "name":"朋满餐厅(嘉大店)",
    "scope_sell":"4.6月售96",
    "delivery":"起送¥10免配送费",
    "time_distance":"30分钟1.03km",
    "img":"data:image/gif;base64,iVBORw0KGgoAAAANSUhEUgAAAAEAAAABCAYAAAAfFcSJAAAADUlEQVQImWNgYGBgAAAABQABh6FO1AAAAABJRU5ErkJggg=="
  },
  {
    "name":"华莱士全鸡汉堡(嘉大店)",
    "scope_sell":"4.7月售1095",
    "delivery":"起送¥15配送¥4",
    "time_distance":"30分钟820m",
    "img":"data:image/gif;base64,iVBORw0KGgoAAAANSUhEUgAAAAEAAAABCAYAAAAfFcSJAAAADUlEQVQImWNgYGBgAAAABQABh6FO1AAAAABJRU5ErkJggg=="
  },
  {
    "name":"兰妹美食(小炒快餐丶腌面店)",
    "scope_sell":"4.4月售61",
    "delivery":"起送¥10免配送费",
    "time_distance":"30分钟1.66km",
    "img":"data:image/gif;base64,iVBORw0KGgoAAAANSUhEUgAAAAEAAAABCAYAAAAfFcSJAAAADUlEQVQImWNgYGBgAAAABQABh6FO1AAAAABJRU5ErkJggg=="
  },
  {
    "name":"谷豆坊(甜品丶小吃南门店)",
    "scope_sell":"4.7月售277",
    "delivery":"起送¥15远距离配送¥1.5",
    "time_distance":"30分钟3.68km",
    "img":"data:image/gif;base64,iVBORw0KGgoAAAANSUhEUgAAAAEAAAABCAYAAAAfFcSJAAAADUlEQVQImWNgYGBgAAAABQABh6FO1AAAAABJRU5ErkJggg=="
  },
  {
    "name":"忆品客味煲仔饭",
    "scope_sell":"4.6月售302",
    "delivery":"起送¥15配送¥2",
    "time_distance":"33分钟1.45km",
    "img":"data:image/gif;base64,iVBORw0KGgoAAAANSUhEUgAAAAEAAAABCAYAAAAfFcSJAAAADUlEQVQImWNgYGBgAAAABQABh6FO1AAAAABJRU5ErkJggg=="
  }
]
